id, test_mean,val_mean,train_mean,test_acc_std,val_acc_std,epoch
cora_text_random, a8.28232971372162,93.67588932806325,99.88732394366198,0.0,0.0,100
cora_none_random, 86.87068114511352,92.68774703557312,100.0,0.0,0.0, 100
